;;;;;;;;;;;;;;;465.610,70;2.130.223,01;;;;;;;;;;;;;;;;;;;;;;;;;;;;;;;;;;;;;;;;;;;;;;;;;;;;;;;;;;;
SIRA NO;SOF TALEP NO;PROJE KODU;STF TALEP NO;MALZEME TİPİ;"TALEBİ 
YAPAN";TALEP TARİHİ;İSTENEN TESLİM TARİHİ;Talep Edilen Malzeme;Detay1 (Marka, Model, vb);Detay 2 (Proje,Standart vb Kodlar);Birim;"TALEP
MİKTARI";"ANA DEPO
MİKTARI";"ŞANTİYE DEPO
MİKTARI";"BİRİM FİYAT
(RUB)";"TOPLAM FİYAT
(RUB)";"SİPARİŞ
ONAYI";"SİPARİŞ
MİKTARI";TEDARİKÇİ;SATINALMA SORUMLUSU;PLANLANAN TERMİN TARİHİ;TESLİMAT MİKTARI;TESLİMAT TARİHİ;KALAN MİKTAR;;;;;;;;;;;;;;;;;;;;;;;;;;;;;;;;;;;;;;;;;;;;;;;;;;MALZEME TİPİ;
1;RF100.SOFD-0001;RF100;0001;DEMİRBAŞ;Bünyamin Balinan;18.07.25;02.08.25;Kova galvaniz;kaynakçılar için;;ADET;10,00;0,00;0,00;280,00;2.800,00;18.07.25;10,00;;;18.07.25;10,00;18.07.25;0,00;;;;;;;;;;;;;;;;;;;;;;;;;;;;;;;;;;;;;;;;;;;;;;;;;;SARF;S
2;RF100.SOFS-0002;RF100;0002;SARF;Bünyamin Balinan;18.07.25;02.08.25;Sert fırça;Atölye temizlik için;;ADET;5,00;0,00;0,00;410,00;2.050,00;18.07.25;5,00;;;18.07.25;5,00;18.07.25;0,00;;;;;;;;;;;;;;;;;;;;;;;;;;;;;;;;;;;;;;;;;;;;;;;;;;DEMİRBAŞ;D
3;RF100.SOFS-0003;RF100;0003;SARF;Bünyamin Balinan;14.07.25;29.07.25;Metre 5 mt;;;ADET;10,00;0,00;0,00;115,00;1.150,00;14.07.25;10,00;;;14.07.25;10,00;14.07.25;0,00;;;;;;;;;;;;;;;;;;;;;;;;;;;;;;;;;;;;;;;;;;;;;;;;;;PROJE MALZEMESİ;P
4;RF100.SOFS-0004;RF100;0004;SARF;Bünyamin Balinan;16.07.25;31.07.25;Marker kalem beyaz;;;ADET;24,00;0,00;0,00;139,00;3.336,00;16.07.25;24,00;;;17.07.25;24,00;17.07.25;0,00;;;;;;;;;;;;;;;;;;;;;;;;;;;;;;;;;;;;;;;;;;;;;;;;;;;
5;RF100.SOFS-0004;RF100;0004;SARF;Bünyamin Balinan;16.07.25;31.07.25;Kesme taşı 125 mm;;;ADET;100,00;0,00;0,00;60,00;6.000,00;16.07.25;100,00;;;17.07.25;100,00;17.07.25;0,00;;;;;;;;;;;;;;;;;;;;;;;;;;;;;;;;;;;;;;;;;;;;;;;;;;;
6;RF100.SOFS-0004;RF100;0004;SARF;Bünyamin Balinan;16.07.25;31.07.25;Taşlama taşı 125 mm;;;ADET;50,00;0,00;0,00;115,00;5.750,00;16.07.25;50,00;;;17.07.25;50,00;17.07.25;0,00;;;;;;;;;;;;;;;;;;;;;;;;;;;;;;;;;;;;;;;;;;;;;;;;;;;
7;RF100.SOFS-0004;RF100;0004;SARF;Bünyamin Balinan;16.07.25;31.07.25;Elektrod rutil 2,0 mm;;;KG;50,00;0,00;0,00;200,00;10.000,00;16.07.25;50,00;;;17.07.25;50,00;17.07.25;0,00;;;;;;;;;;;;;;;;;;;;;;;;;;;;;;;;;;;;;;;;;;;;;;;;;;;
8;RF100.SOFS-0004;RF100;0004;SARF;Bünyamin Balinan;16.07.25;31.07.25;Elektrod 13.55 - 3 mm;;;KG;200,00;0,00;0,00;188,00;37.600,00;16.07.25;200,00;;;17.07.25;200,00;17.07.25;0,00;;;;;;;;;;;;;;;;;;;;;;;;;;;;;;;;;;;;;;;;;;;;;;;;;;;
9;RF100.SOFS-0004;RF100;0004;SARF;Bünyamin Balinan;16.07.25;31.07.25;Elektrod 13.55 - 4 mm;;;KG;200,00;0,00;0,00;185,00;37.000,00;16.07.25;200,00;;;17.07.25;200,00;17.07.25;0,00;;;;;;;;;;;;;;;;;;;;;;;;;;;;;;;;;;;;;;;;;;;;;;;;;;;
10;RF100.SOFS-0004;RF100;0004;SARF;Bünyamin Balinan;16.07.25;31.07.25;Argon eldiveni;;;ADET;10,00;0,00;0,00;750,00;7.500,00;16.07.25;10,00;;;17.07.25;10,00;17.07.25;0,00;;;;;;;;;;;;;;;;;;;;;;;;;;;;;;;;;;;;;;;;;;;;;;;;;;;
11;RF100.SOFS-0004;RF100;0004;SARF;Bünyamin Balinan;16.07.25;31.07.25;Kaynak eldiveni;;;ADET;20,00;0,00;0,00;460,00;9.200,00;16.07.25;20,00;;;17.07.25;20,00;17.07.25;0,00;;;;;;;;;;;;;;;;;;;;;;;;;;;;;;;;;;;;;;;;;;;;;;;;;;;
12;RF100.SOFD-0005;RF100;0005;DEMİRBAŞ;Erdem Yanar;12.07.25;27.07.25;Dizüstü Bilgisayar;Sirozh Ruziev için;;ADET;1,00;0,00;0,00;42.000,00;42.000,00;12.07.25;1,00;;;14.07.25;1,00;14.07.25;0,00;;;;;;;;;;;;;;;;;;;;;;;;;;;;;;;;;;;;;;;;;;;;;;;;;;;
13;RF100.SOFD-0005;RF100;0005;DEMİRBAŞ;Erdem Yanar;12.07.25;27.07.25;Monitör;Eldor Mekhmonov;;ADET;1,00;0,00;0,00;10.000,00;10.000,00;12.07.25;1,00;;;14.07.25;1,00;14.07.25;0,00;;;;;;;;;;;;;;;;;;;;;;;;;;;;;;;;;;;;;;;;;;;;;;;;;;;
14;RF100.SOFS-0006;RF100;0006;SARF;Mirza Durdu;08.07.25;23.07.25;Elektrod 13.55 - 3 mm;;;KG;100,00;0,00;0,00;188,00;18.800,00;08.07.25;100,00;;;08.07.25;100,00;08.07.25;0,00;;;;;;;;;;;;;;;;;;;;;;;;;;;;;;;;;;;;;;;;;;;;;;;;;;;
15;RF100.SOFS-0006;RF100;0006;SARF;Mirza Durdu;08.07.25;23.07.25;Elektrod 13.55 - 4 mm;;;KG;100,00;0,00;0,00;185,00;18.500,00;08.07.25;100,00;;;08.07.25;100,00;08.07.25;0,00;;;;;;;;;;;;;;;;;;;;;;;;;;;;;;;;;;;;;;;;;;;;;;;;;;;
16;RF100.SOFS-0007;RF100;0007;SARF;Mirza Durdu;08.07.25;23.07.25;Kablo;5*4;9*5;M;210,00;0,00;0,00;320,00;67.200,00;08.07.25;210,00;;;10.07.25;210,00;10.07.25;0,00;;;;;;;;;;;;;;;;;;;;;;;;;;;;;;;;;;;;;;;;;;;;;;;;;;;
17;RF100.SOFS-0007;RF100;0007;SARF;Mirza Durdu;08.07.25;23.07.25;Fiş;380V;;ADET;10,00;0,00;0,00;420,00;4.200,00;08.07.25;10,00;;;10.07.25;10,00;10.07.25;0,00;;;;;;;;;;;;;;;;;;;;;;;;;;;;;;;;;;;;;;;;;;;;;;;;;;;
18;RF100.SOFS-0007;RF100;0007;SARF;Mirza Durdu;08.07.25;23.07.25;Priz;380V;;ADET;10,00;0,00;0,00;450,00;4.500,00;08.07.25;10,00;;;10.07.25;10,00;10.07.25;0,00;;;;;;;;;;;;;;;;;;;;;;;;;;;;;;;;;;;;;;;;;;;;;;;;;;;
19;RF100.SOFS-0007;RF100;0007;SARF;Mirza Durdu;08.07.25;23.07.25;Argon fincanı;6-7-8 20 şer adet;;ADET;60,00;0,00;0,00;70,00;4.200,00;08.07.25;60,00;;;10.07.25;60,00;10.07.25;0,00;;;;;;;;;;;;;;;;;;;;;;;;;;;;;;;;;;;;;;;;;;;;;;;;;;;
20;RF100.SOFS-0007;RF100;0007;SARF;Mirza Durdu;08.07.25;23.07.25;Argon süzgeci;2,4;;ADET;25,00;0,00;0,00;71,00;1.775,00;08.07.25;25,00;;;10.07.25;25,00;10.07.25;0,00;;;;;;;;;;;;;;;;;;;;;;;;;;;;;;;;;;;;;;;;;;;;;;;;;;;
21;RF100.SOFS-0007;RF100;0007;SARF;Mirza Durdu;08.07.25;23.07.25;Argon diyodu;2,4;;ADET;100,00;0,00;0,00;38,00;3.800,00;08.07.25;100,00;;;10.07.25;100,00;10.07.25;0,00;;;;;;;;;;;;;;;;;;;;;;;;;;;;;;;;;;;;;;;;;;;;;;;;;;;
22;RF100.SOFS-0007;RF100;0007;SARF;Mirza Durdu;08.07.25;23.07.25;Argon hortumu;;;M;200,00;0,00;0,00;68,00;13.600,00;08.07.25;200,00;;;10.07.25;200,00;10.07.25;0,00;;;;;;;;;;;;;;;;;;;;;;;;;;;;;;;;;;;;;;;;;;;;;;;;;;;
23;RF100.SOFS-0007;RF100;0007;SARF;Mirza Durdu;08.07.25;23.07.25;Kelepçe;;;ADET;200,00;0,00;0,00;15,00;3.000,00;08.07.25;200,00;;;10.07.25;200,00;10.07.25;0,00;;;;;;;;;;;;;;;;;;;;;;;;;;;;;;;;;;;;;;;;;;;;;;;;;;;
24;RF100.SOFS-0007;RF100;0007;SARF;Mirza Durdu;08.07.25;23.07.25;Argon tıpası;Kısa;;ADET;25,00;0,00;0,00;55,00;1.375,00;08.07.25;25,00;;;10.07.25;25,00;10.07.25;0,00;;;;;;;;;;;;;;;;;;;;;;;;;;;;;;;;;;;;;;;;;;;;;;;;;;;
25;RF100.SOFS-0007;RF100;0007;SARF;Mirza Durdu;08.07.25;23.07.25;Argon saati;Kalibrasyonlu;;ADET;10,00;0,00;0,00;1.685,00;16.850,00;08.07.25;10,00;;;10.07.25;10,00;10.07.25;0,00;;;;;;;;;;;;;;;;;;;;;;;;;;;;;;;;;;;;;;;;;;;;;;;;;;;
26;RF100.SOFS-0007;RF100;0007;SARF;Mirza Durdu;08.07.25;23.07.25;Argon teli;2,0 mm;;KG;5,00;0,00;0,00;280,00;1.400,00;08.07.25;5,00;;;10.07.25;5,00;10.07.25;0,00;;;;;;;;;;;;;;;;;;;;;;;;;;;;;;;;;;;;;;;;;;;;;;;;;;;
27;RF100.SOFS-0007;RF100;0007;SARF;Mirza Durdu;08.07.25;23.07.25;Argon teli;2,4 mm;;KG;5,00;0,00;0,00;250,00;1.250,00;08.07.25;5,00;;;10.07.25;5,00;10.07.25;0,00;;;;;;;;;;;;;;;;;;;;;;;;;;;;;;;;;;;;;;;;;;;;;;;;;;;
28;RF100.SOFS-0007;RF100;0007;SARF;Mirza Durdu;08.07.25;23.07.25;Çanak fırça ;75 mm;;ADET;25,00;0,00;0,00;190,00;4.750,00;08.07.25;25,00;;;10.07.25;25,00;10.07.25;0,00;;;;;;;;;;;;;;;;;;;;;;;;;;;;;;;;;;;;;;;;;;;;;;;;;;;
29;RF100.SOFS-0007;RF100;0007;SARF;Mirza Durdu;08.07.25;23.07.25;Kesme taşı 125 mm;;;ADET;250,00;0,00;0,00;60,00;15.000,00;08.07.25;250,00;;;10.07.25;250,00;10.07.25;0,00;;;;;;;;;;;;;;;;;;;;;;;;;;;;;;;;;;;;;;;;;;;;;;;;;;;
30;RF100.SOFS-0007;RF100;0007;SARF;Mirza Durdu;08.07.25;23.07.25;Taşlama taşı 125 mm;;;ADET;100,00;0,00;0,00;115,00;11.500,00;08.07.25;100,00;;;10.07.25;100,00;10.07.25;0,00;;;;;;;;;;;;;;;;;;;;;;;;;;;;;;;;;;;;;;;;;;;;;;;;;;;
31;RF100.SOFS-0007;RF100;0007;SARF;Mirza Durdu;08.07.25;23.07.25;Flex zımpara taşı 125 mm;;;ADET;100,00;0,00;0,00;77,00;7.700,00;08.07.25;100,00;;;10.07.25;100,00;10.07.25;0,00;;;;;;;;;;;;;;;;;;;;;;;;;;;;;;;;;;;;;;;;;;;;;;;;;;;
32;RF100.SOFS-0007;RF100;0007;SARF;Mirza Durdu;08.07.25;23.07.25;Balık sırtı eğe;;;ADET;10,00;0,00;0,00;210,00;2.100,00;08.07.25;10,00;;;10.07.25;10,00;10.07.25;0,00;;;;;;;;;;;;;;;;;;;;;;;;;;;;;;;;;;;;;;;;;;;;;;;;;;;
33;RF100.SOFS-0007;RF100;0007;SARF;Mirza Durdu;08.07.25;23.07.25;Projektör;100watt;;ADET;10,00;0,00;0,00;750,00;7.500,00;08.07.25;10,00;;;10.07.25;10,00;10.07.25;0,00;;;;;;;;;;;;;;;;;;;;;;;;;;;;;;;;;;;;;;;;;;;;;;;;;;;
34;RF100.SOFS-0007;RF100;0007;SARF;Mirza Durdu;08.07.25;23.07.25;Kablo ;3*2,5 mm 220 seyyar yapımı için;;M;210,00;0,00;0,00;130,00;27.300,00;08.07.25;210,00;;;10.07.25;210,00;10.07.25;0,00;;;;;;;;;;;;;;;;;;;;;;;;;;;;;;;;;;;;;;;;;;;;;;;;;;;
35;RF100.SOFS-0007;RF100;0007;SARF;Mirza Durdu;08.07.25;23.07.25;Fiş;220 seyyar yapımı için;;ADET;10,00;0,00;0,00;140,00;1.400,00;08.07.25;10,00;;;10.07.25;10,00;10.07.25;0,00;;;;;;;;;;;;;;;;;;;;;;;;;;;;;;;;;;;;;;;;;;;;;;;;;;;
36;RF100.SOFS-0007;RF100;0007;SARF;Mirza Durdu;08.07.25;23.07.25;Priz 3 lü;220 seyyar yapımı için;;ADET;10,00;0,00;0,00;520,00;5.200,00;08.07.25;10,00;;;10.07.25;10,00;10.07.25;0,00;;;;;;;;;;;;;;;;;;;;;;;;;;;;;;;;;;;;;;;;;;;;;;;;;;;
37;RF100.SOFD-0008;RF100;0008;DEMİRBAŞ;Mirza Durdu;05.07.25;20.07.25;Taş motoru 125;Hanskonner HAG13125 1300W;;ADET;8,00;0,00;0,00;5.200,00;41.600,00;08.07.25;8,00;;;08.07.25;8,00;08.07.25;0,00;;;;;;;;;;;;;;;;;;;;;;;;;;;;;;;;;;;;;;;;;;;;;;;;;;;
38;RF100.SOFS-0009;RF100;0009;SARF;Mirza Durdu;04.07.25;19.07.25;Flex zımpara taşı 125 mm;;;ADET;50,00;0,00;0,00;72,00;3.600,00;04.07.25;50,00;;;04.07.25;50,00;04.07.25;0,00;;;;;;;;;;;;;;;;;;;;;;;;;;;;;;;;;;;;;;;;;;;;;;;;;;;
39;RF100.SOFS-0009;RF100;0009;SARF;Mirza Durdu;04.07.25;19.07.25;Elektrod 13.55 - 3 mm;;;KG;50,00;0,00;0,00;188,00;9.400,00;04.07.25;50,00;;;04.07.25;50,00;04.07.25;0,00;;;;;;;;;;;;;;;;;;;;;;;;;;;;;;;;;;;;;;;;;;;;;;;;;;;
40;RF100.SOFS-0009;RF100;0009;SARF;Mirza Durdu;04.07.25;19.07.25;Elektrod 13.55 - 4 mm;;;KG;50,00;0,00;0,00;185,00;9.250,00;04.07.25;50,00;;;04.07.25;50,00;04.07.25;0,00;;;;;;;;;;;;;;;;;;;;;;;;;;;;;;;;;;;;;;;;;;;;;;;;;;;
41;RF100.SOFS-0009;RF100;0009;SARF;Mirza Durdu;04.07.25;19.07.25;Eldiven;;;ADET;50,00;0,00;0,00;20,00;1.000,00;04.07.25;50,00;;;04.07.25;50,00;04.07.25;0,00;;;;;;;;;;;;;;;;;;;;;;;;;;;;;;;;;;;;;;;;;;;;;;;;;;;
42;RF100.SOFS-0010;RF100;0010;SARF;Mirza Durdu;04.07.25;19.07.25;Kaynak kablosu 25 mm;;;M;100,00;0,00;0,00;335,00;33.500,00;04.07.25;100,00;;;04.07.25;100,00;04.07.25;0,00;;;;;;;;;;;;;;;;;;;;;;;;;;;;;;;;;;;;;;;;;;;;;;;;;;;
43;RF100.SOFS-0010;RF100;0010;SARF;Mirza Durdu;04.07.25;19.07.25;Kaynak pensesi 400A;;;ADET;10,00;0,00;0,00;801,00;8.010,00;04.07.25;10,00;;;04.07.25;10,00;04.07.25;0,00;;;;;;;;;;;;;;;;;;;;;;;;;;;;;;;;;;;;;;;;;;;;;;;;;;;
44;RF100.SOFS-0010;RF100;0010;SARF;Mirza Durdu;04.07.25;19.07.25;Şase pense 400A;;;ADET;10,00;0,00;0,00;990,00;9.900,00;04.07.25;10,00;;;04.07.25;10,00;04.07.25;0,00;;;;;;;;;;;;;;;;;;;;;;;;;;;;;;;;;;;;;;;;;;;;;;;;;;;
45;RF100.SOFS-0010;RF100;0010;SARF;Mirza Durdu;04.07.25;19.07.25;Kaynak fırçası;;;ADET;10,00;0,00;0,00;77,00;770,00;04.07.25;10,00;;;04.07.25;10,00;04.07.25;0,00;;;;;;;;;;;;;;;;;;;;;;;;;;;;;;;;;;;;;;;;;;;;;;;;;;;
46;RF100.SOFS-0010;RF100;0010;SARF;Mirza Durdu;04.07.25;19.07.25;Kaynak çekici;350 gr;;ADET;10,00;0,00;0,00;280,00;2.800,00;04.07.25;10,00;;;04.07.25;10,00;04.07.25;0,00;;;;;;;;;;;;;;;;;;;;;;;;;;;;;;;;;;;;;;;;;;;;;;;;;;;
47;RF100.SOFS-0011;RF100;0011;SARF;Bünyamin Balinan;28.07.25;12.08.25;Baret Beyaz;;;ADET;6,00;0,00;0,00;320,00;1.920,00;28.07.25;6,00;;;01.08.25;6,00;04.08.25;0,00;;;;;;;;;;;;;;;;;;;;;;;;;;;;;;;;;;;;;;;;;;;;;;;;;;;
48;RF100.SOFS-0011;RF100;0011;SARF;Bünyamin Balinan;28.07.25;12.08.25;İş elbisesi;Staff XL beden;;ADET;4,00;0,00;0,00;4.200,00;16.800,00;28.07.25;4,00;;;01.08.25;4,00;04.08.25;0,00;;;;;;;;;;;;;;;;;;;;;;;;;;;;;;;;;;;;;;;;;;;;;;;;;;;
49;RF100.SOFS-0011;RF100;0011;SARF;Bünyamin Balinan;28.07.25;12.08.25;İş elbisesi;Staff XXL beden;;ADET;4,00;0,00;0,00;4.200,00;16.800,00;28.07.25;4,00;;;01.08.25;4,00;04.08.25;0,00;;;;;;;;;;;;;;;;;;;;;;;;;;;;;;;;;;;;;;;;;;;;;;;;;;;
50;RF100.SOFS-0011;RF100;0011;SARF;Bünyamin Balinan;28.07.25;12.08.25;İş ayakkabısı;44 numara;;ADET;4,00;0,00;0,00;1.900,00;7.600,00;28.07.25;4,00;;;01.08.25;4,00;04.08.25;0,00;;;;;;;;;;;;;;;;;;;;;;;;;;;;;;;;;;;;;;;;;;;;;;;;;;;
51;RF100.SOFS-0011;RF100;0011;SARF;Bünyamin Balinan;28.07.25;12.08.25;İş ayakkabısı;45 numara;;ADET;4,00;0,00;0,00;1.900,00;7.600,00;28.07.25;4,00;;;01.08.25;4,00;04.08.25;0,00;;;;;;;;;;;;;;;;;;;;;;;;;;;;;;;;;;;;;;;;;;;;;;;;;;;
52;RF100.SOFS-0011;RF100;0011;SARF;Bünyamin Balinan;28.07.25;12.08.25;Eldiven;;;ADET;50,00;0,00;0,00;190,00;9.500,00;28.07.25;50,00;;;01.08.25;50,00;04.08.25;0,00;;;;;;;;;;;;;;;;;;;;;;;;;;;;;;;;;;;;;;;;;;;;;;;;;;;
53;RF100.SOFS-0011;RF100;0011;SARF;Bünyamin Balinan;28.07.25;12.08.25;Kaynak maske camı şeffaf;90*1110;;ADET;100,00;0,00;0,00;18,00;1.800,00;28.07.25;100,00;;;01.08.25;100,00;02.08.25;0,00;;;;;;;;;;;;;;;;;;;;;;;;;;;;;;;;;;;;;;;;;;;;;;;;;;;
54;RF100.SOFS-0011;RF100;0011;SARF;Bünyamin Balinan;28.07.25;12.08.25;Elektrod 13.55 - 4 mm;;;KG;100,00;0,00;0,00;185,00;18.500,00;28.07.25;100,00;;;01.08.25;100,00;02.08.25;0,00;;;;;;;;;;;;;;;;;;;;;;;;;;;;;;;;;;;;;;;;;;;;;;;;;;;
55;RF100.SOFS-0011;RF100;0011;SARF;Bünyamin Balinan;28.07.25;12.08.25;Elektrod 7018 - 2,5 mm;;;KG;60,00;0,00;0,00;450,00;27.000,00;28.07.25;60,00;;;01.08.25;75,00;03.08.25;-15,00;;;;;;;;;;;;;;;;;;;;;;;;;;;;;;;;;;;;;;;;;;;;;;;;;;;
56;RF100.SOFS-0011;RF100;0011;SARF;Bünyamin Balinan;28.07.25;12.08.25;Elektrod 7018 - 3,2 mm;;;KG;60,00;0,00;0,00;430,00;25.800,00;28.07.25;60,00;;;01.08.25;60,00;28.07.25;0,00;;;;;;;;;;;;;;;;;;;;;;;;;;;;;;;;;;;;;;;;;;;;;;;;;;;
57;RF100.SOFS-0011;RF100;0011;SARF;Bünyamin Balinan;28.07.25;12.08.25;Kaynakçı Elbisesi;88-92 beden;;ADET;2,00;0,00;0,00;4.385,00;8.770,00;28.07.25;2,00;;;01.08.25;2,00;28.07.25;0,00;;;;;;;;;;;;;;;;;;;;;;;;;;;;;;;;;;;;;;;;;;;;;;;;;;;
58;RF100.SOFD-0012;RF100;0012;DEMİRBAŞ;Bünyamin Balinan;28.07.25;12.08.25;Taş motoru 180;Hanskonner ;;ADET;2,00;0,00;0,00;10.990,00;21.980,00;28.07.25;2,00;;;01.08.25;;;2,00;;;;;;;;;;;;;;;;;;;;;;;;;;;;;;;;;;;;;;;;;;;;;;;;;;;
59;RF100.SOFD-0012;RF100;0012;DEMİRBAŞ;Bünyamin Balinan;28.07.25;12.08.25;Çekiç 2 kg;;;ADET;4,00;0,00;0,00;1.270,00;5.080,00;28.07.25;4,00;;;01.08.25;;;4,00;;;;;;;;;;;;;;;;;;;;;;;;;;;;;;;;;;;;;;;;;;;;;;;;;;;
60;RF100.SOFD-0012;RF100;0012;DEMİRBAŞ;Bünyamin Balinan;28.07.25;12.08.25;Tornavida takımı;Düz Yıldız;;ADET;1,00;0,00;0,00;2.100,00;2.100,00;28.07.25;1,00;;;01.08.25;1,00;21.08.25;0,00;;;;;;;;;;;;;;;;;;;;;;;;;;;;;;;;;;;;;;;;;;;;;;;;;;;
61;RF100.SOFD-0012;RF100;0012;DEMİRBAŞ;Bünyamin Balinan;28.07.25;12.08.25;Anahtar takımı Yıldız;8-32 ye kadar;;ADET;1,00;0,00;0,00;2.570,00;2.570,00;28.07.25;1,00;;;01.08.25;1,00;21.08.25;0,00;;;;;;;;;;;;;;;;;;;;;;;;;;;;;;;;;;;;;;;;;;;;;;;;;;;
62;RF100.SOFD-0012;RF100;0012;DEMİRBAŞ;Bünyamin Balinan;28.07.25;12.08.25;Anahtar takımı düz;8-32 ye kadar;;ADET;1,00;0,00;0,00;2.570,00;2.570,00;28.07.25;1,00;;;01.08.25;1,00;21.08.25;0,00;;;;;;;;;;;;;;;;;;;;;;;;;;;;;;;;;;;;;;;;;;;;;;;;;;;
63;RF100.SOFD-0012;RF100;0012;DEMİRBAŞ;Bünyamin Balinan;28.07.25;12.08.25;Boru sehpa malzemesi;Yarı mamül;;ADET;1,00;0,00;0,00;103.780,00;103.780,00;28.07.25;1,00;;;01.08.25;1,00;01.08.25;0,00;;;;;;;;;;;;;;;;;;;;;;;;;;;;;;;;;;;;;;;;;;;;;;;;;;;
64;RF100.SOFD-0012;RF100;0012;DEMİRBAŞ;Bünyamin Balinan;28.07.25;12.08.25;Kaynak çadırı;190*200 cm yanmaz;;ADET;6,00;0,00;0,00;20.385,00;122.310,00;28.07.25;6,00;;;06.08.25;6,00;28.07.25;0,00;;;;;;;;;;;;;;;;;;;;;;;;;;;;;;;;;;;;;;;;;;;;;;;;;;;
65;RF100.SOFD-0012;RF100;0012;DEMİRBAŞ;Bünyamin Balinan;28.07.25;12.08.25;Kaynak çadır karkası;Yarı mamül;;ADET;6,00;0,00;0,00;9.836,00;59.016,00;28.07.25;6,00;;;06.08.25;6,00;01.08.25;0,00;;;;;;;;;;;;;;;;;;;;;;;;;;;;;;;;;;;;;;;;;;;;;;;;;;;
66;RF100.SOFS-0011;RF100;0011;SARF;Sirozh Ruziev;29.07.25;13.08.25;Çöp poşeti (küçük 20lt);;;ADET;5,00;0,00;0,00;;0,00;;;;;;5,00;29.07.25;0,00;;;;;;;;;;;;;;;;;;;;;;;;;;;;;;;;;;;;;;;;;;;;;;;;;;;
67;RF100.SOFS-0013;RF100;0013;SARF;Sirozh Ruziev;29.07.25;13.08.25;Çay;;;ADET;10,00;0,00;0,00;;0,00;;10,00;;;;10,00;29.07.25;0,00;;;;;;;;;;;;;;;;;;;;;;;;;;;;;;;;;;;;;;;;;;;;;;;;;;;
68;RF100.SOFS-0013;RF100;0013;SARF;Sirozh Ruziev;29.07.25;13.08.25;Şeker;;;ADET;5,00;0,00;0,00;;0,00;;5,00;;;;5,00;29.07.25;0,00;;;;;;;;;;;;;;;;;;;;;;;;;;;;;;;;;;;;;;;;;;;;;;;;;;;
69;RF100.SOFS-0013;RF100;0013;SARF;Erdem Yanar;29.07.25;13.08.25;Kaska takılan koruyu siper (vizör);;;ADET;3,00;0,00;0,00;;0,00;;3,00;;;;3,00;29.07.25;0,00;;;;;;;;;;;;;;;;;;;;;;;;;;;;;;;;;;;;;;;;;;;;;;;;;;;
70;RF100.SOFS-0014;RF100;0014;SARF;Erdem Yanar;29.07.25;13.08.25;Taşlama önlüğü;;;ADET;3,00;0,00;0,00;;0,00;;3,00;;;;3,00;29.07.25;0,00;;;;;;;;;;;;;;;;;;;;;;;;;;;;;;;;;;;;;;;;;;;;;;;;;;;
71;RF100.SOFS-0014;RF100;0014;SARF;Erdem Yanar;29.07.25;13.08.25;50m şerit metre;;;ADET;2,00;0,00;0,00;;0,00;;2,00;;;;2,00;29.07.25;0,00;;;;;;;;;;;;;;;;;;;;;;;;;;;;;;;;;;;;;;;;;;;;;;;;;;;
72;RF100.SOFS-0014;RF100;0014;SARF;Erdem Yanar;29.07.25;13.08.25;5 metrelik metre;;;ADET;5,00;0,00;0,00;;0,00;;5,00;;;;5,00;29.07.25;0,00;;;;;;;;;;;;;;;;;;;;;;;;;;;;;;;;;;;;;;;;;;;;;;;;;;;
73;RF100.SOFS-0015;RF100;0015;SARF;Bünyamin Balinan;28.07.25;12.08.25;Emniyet şeridi kırmızı-beyaz;;;ADET;5,00;0,00;0,00;250,00;1.250,00;28.07.25;5,00;;;11.08.25;;;5,00;;;;;;;;;;;;;;;;;;;;;;;;;;;;;;;;;;;;;;;;;;;;;;;;;;;
74;RF100.SOFD-0016;RF100;0016;DEMİRBAŞ;Bünyamin Balinan;28.07.25;12.08.25;Pense;;;ADET;2,00;0,00;0,00;350,00;700,00;28.07.25;2,00;;;11.08.25;1,00;21.08.25;1,00;;;;;;;;;;;;;;;;;;;;;;;;;;;;;;;;;;;;;;;;;;;;;;;;;;;
75;RF100.SOFD-0016;RF100;0016;DEMİRBAŞ;Bünyamin Balinan;28.07.25;12.08.25;Yan keski;;;ADET;2,00;0,00;0,00;350,00;700,00;28.07.25;2,00;;;11.08.25;1,00;21.08.25;1,00;;;;;;;;;;;;;;;;;;;;;;;;;;;;;;;;;;;;;;;;;;;;;;;;;;;
76;RF100.SOFS-0015;RF100;0015;SARF;Bünyamin Balinan;28.07.25;12.08.25;Kaynakçı elbisesi 88-92;;;ADET;2,00;0,00;0,00;4.350,00;8.700,00;28.07.25;2,00;;;;2,00;27.07.25;0,00;;;;;;;;;;;;;;;;;;;;;;;;;;;;;;;;;;;;;;;;;;;;;;;;;;;
77;RF100.SOFD-0017;RF100;0017;DEMİRBAŞ;Zafer Özeren;04.08.25;19.08.25;Temel Görsel Kontrol Kiti;;;ADET;1,00;0,00;0,00;19.500,00;19.500,00;05.08.25;1,00;;;11.08.25;1,00;20.08.25;0,00;;;;;;;;;;;;;;;;;;;;;;;;;;;;;;;;;;;;;;;;;;;;;;;;;;;
78;RF100.SOFD-0018;RF100;0018;DEMİRBAŞ;Zafer Özeren;05.08.25;20.08.25;İlk Yardım Çantası;;;ADET;4,00;0,00;0,00;1.750,00;7.000,00;05.08.25;4,00;;;11.08.25;3,00;16.08.25;1,00;;;;;;;;;;;;;;;;;;;;;;;;;;;;;;;;;;;;;;;;;;;;;;;;;;;
79;RF100.SOFS-0019;RF100;0019;SARF;Ali Alper Yıldız;05.08.25;20.08.25;Kesme taşı 125 mm;;;ADET;80,00;0,00;0,00;60,00;4.800,00;05.08.25;80,00;;;11.08.25;80,00;08.08.25;0,00;;;;;;;;;;;;;;;;;;;;;;;;;;;;;;;;;;;;;;;;;;;;;;;;;;;
80;RF100.SOFS-0019;RF100;0019;SARF;Ali Alper Yıldız;05.08.25;20.08.25;Kaynakçı Eldiveni;;;ADET;50,00;0,00;0,00;650,00;32.500,00;05.08.25;50,00;;;11.08.25;50,00;04.09.25;0,00;;;;;;;;;;;;;;;;;;;;;;;;;;;;;;;;;;;;;;;;;;;;;;;;;;;
81;RF100.SOFS-0019;RF100;0019;SARF;Ali Alper Yıldız;05.08.25;20.08.25;Montaj Eldiveni (deri);;;ADET;10,00;0,00;0,00;315,00;3.150,00;05.08.25;10,00;;;11.08.25;5,00;08.08.25;5,00;;;;;;;;;;;;;;;;;;;;;;;;;;;;;;;;;;;;;;;;;;;;;;;;;;;
82;RF100.SOFS-0019;RF100;0019;SARF;Ali Alper Yıldız;05.08.25;20.08.25;Elektrot Rutil 4 mm;;;KG;200,00;0,00;0,00;185,00;37.000,00;05.08.25;200,00;;;11.08.25;200,00;08.08.25;0,00;;;;;;;;;;;;;;;;;;;;;;;;;;;;;;;;;;;;;;;;;;;;;;;;;;;
83;RF100.SOFS-0019;RF100;0019;SARF;Ali Alper Yıldız;05.08.25;20.08.25;Elektrot Rutil 3 mm;;;KG;100,00;0,00;0,00;188,00;18.800,00;05.08.25;100,00;;;11.08.25;100,00;18.08.25;0,00;;;;;;;;;;;;;;;;;;;;;;;;;;;;;;;;;;;;;;;;;;;;;;;;;;;
84;RF100.SOFS-0019;RF100;0019;SARF;Ali Alper Yıldız;05.08.25;20.08.25;Gözlük;;;ADET;20,00;0,00;0,00;78,00;1.560,00;05.08.25;20,00;;;11.08.25;20,00;08.08.25;0,00;;;;;;;;;;;;;;;;;;;;;;;;;;;;;;;;;;;;;;;;;;;;;;;;;;;
85;RF100.SOFD-0020;RF100;0020;DEMİRBAŞ;Ali Alper Yıldız;05.08.25;20.08.25;Şase başlığı;;;ADET;5,00;0,00;0,00;130,00;650,00;05.08.25;5,00;;;11.08.25;;;5,00;;;;;;;;;;;;;;;;;;;;;;;;;;;;;;;;;;;;;;;;;;;;;;;;;;;
86;RF100.SOFD-0020;RF100;0020;DEMİRBAŞ;Ali Alper Yıldız;05.08.25;20.08.25;Kaynak pensesi 400A;;;ADET;5,00;0,00;0,00;1.100,00;5.500,00;05.08.25;5,00;;;11.08.25;5,00;;0,00;;;;;;;;;;;;;;;;;;;;;;;;;;;;;;;;;;;;;;;;;;;;;;;;;;;
87;RF100.SOFD-0020;RF100;0020;DEMİRBAŞ;Ali Alper Yıldız;05.08.25;20.08.25;Şase kablo;;;Metre;20,00;0,00;0,00;430,00;8.600,00;05.08.25;20,00;;;11.08.25;20,00;;0,00;;;;;;;;;;;;;;;;;;;;;;;;;;;;;;;;;;;;;;;;;;;;;;;;;;;
88;RF100.SOFD-0020;RF100;0020;DEMİRBAŞ;Ali Alper Yıldız;05.08.25;20.08.25;Pense kablo;;;Metre;20,00;0,00;0,00;430,00;8.600,00;05.08.25;20,00;;;11.08.25;20,00;;0,00;;;;;;;;;;;;;;;;;;;;;;;;;;;;;;;;;;;;;;;;;;;;;;;;;;;
89;RF100.SOFD-0020;RF100;0020;DEMİRBAŞ;Ali Alper Yıldız;05.08.25;20.08.25;Şase-pense için jack;;;ADET;10,00;0,00;0,00;130,00;1.300,00;05.08.25;10,00;;;11.08.25;5,00;08.08.25;5,00;;;;;;;;;;;;;;;;;;;;;;;;;;;;;;;;;;;;;;;;;;;;;;;;;;;
90;RU101.SOFD-0021;RU101;0021;DEMİRBAŞ;Ali Alper Yıldız;05.08.25;20.08.25;Cam kesme elması;;;ADET;5,00;0,00;0,00;490,00;2.450,00;05.08.25;5,00;;;11.08.25;;;5,00;;;;;;;;;;;;;;;;;;;;;;;;;;;;;;;;;;;;;;;;;;;;;;;;;;;
91;RU101.SOFS-0022;RU101;0022;SARF;Ali Alper Yıldız;05.08.25;20.08.25;Beyaz cam (11*5);;;ADET;200,00;0,00;0,00;10,00;2.000,00;05.08.25;200,00;;;11.08.25;200,00;08.08.25;0,00;;;;;;;;;;;;;;;;;;;;;;;;;;;;;;;;;;;;;;;;;;;;;;;;;;;
92;RU101.SOFS-0022;RU101;0022;SARF;Ali Alper Yıldız;05.08.25;20.08.25;Elektrot 3,2;Esab 48.08/E7018 G;;KG;200,00;0,00;0,00;680,00;136.000,00;05.08.25;200,00;;;11.08.25;50,00;08.08.25;150,00;;;;;;;;;;;;;;;;;;;;;;;;;;;;;;;;;;;;;;;;;;;;;;;;;;;
93;RU101.SOFS-0022;RU101;0022;SARF;Ali Alper Yıldız;05.08.25;20.08.25;Elektrot  2.5;Esab 48.08/E7018 G;;KG;200,00;0,00;0,00;710,00;142.000,00;05.08.25;200,00;;;11.08.25;50,00;08.08.25;150,00;;;;;;;;;;;;;;;;;;;;;;;;;;;;;;;;;;;;;;;;;;;;;;;;;;;
94;RU101.SOFD-0021;RU101;0021;DEMİRBAŞ;Ali Alper Yıldız;05.08.25;20.08.25;Elektrot pensesi;Esab 600 amper;;ADET;5,00;0,00;0,00;1.350,00;6.750,00;05.08.25;5,00;;;11.08.25;4,00;08.08.25;1,00;;;;;;;;;;;;;;;;;;;;;;;;;;;;;;;;;;;;;;;;;;;;;;;;;;;
95;RU101.SOFD-0021;RU101;0021;DEMİRBAŞ;Ali Alper Yıldız;05.08.25;20.08.25;Kaynak maskesi;Wester;;ADET;5,00;0,00;0,00;1.750,00;8.750,00;05.08.25;5,00;;;11.08.25;;;5,00;;;;;;;;;;;;;;;;;;;;;;;;;;;;;;;;;;;;;;;;;;;;;;;;;;;
96;RU101.SOFS-0022;RU101;0022;SARF;Ali Alper Yıldız;05.08.25;20.08.25;Argon eldiveni;Start Mod;;ADET;20,00;0,00;0,00;720,00;14.400,00;05.08.25;20,00;;;11.08.25;10,00;08.08.25;10,00;;;;;;;;;;;;;;;;;;;;;;;;;;;;;;;;;;;;;;;;;;;;;;;;;;;
97;RU101.SOFS-0022;RU101;0022;SARF;Ali Alper Yıldız;05.08.25;20.08.25;Torç Kafası;T.26;;ADET;10,00;0,00;0,00;1.100,00;11.000,00;05.08.25;10,00;;;11.08.25;10,00;08.08.25;0,00;;;;;;;;;;;;;;;;;;;;;;;;;;;;;;;;;;;;;;;;;;;;;;;;;;;
98;RU101.SOFS-0022;RU101;0022;SARF;Ali Alper Yıldız;05.08.25;20.08.25;Argon Teli 2.4;Esab ER70S-G;;KG;25,00;0,00;0,00;280,00;7.000,00;05.08.25;25,00;;;11.08.25;20,00;08.08.25;5,00;;;;;;;;;;;;;;;;;;;;;;;;;;;;;;;;;;;;;;;;;;;;;;;;;;;
99;RU101.SOFS-0022;RU101;0022;SARF;Ali Alper Yıldız;05.08.25;20.08.25;Argon Teli 2;Esab ER70S-G;;KG;25,00;0,00;0,00;250,00;6.250,00;05.08.25;25,00;;;11.08.25;20,00;08.08.25;5,00;;;;;;;;;;;;;;;;;;;;;;;;;;;;;;;;;;;;;;;;;;;;;;;;;;;
100;RF100.SOFS-0023;RF100;0023;SARF;Ali Alper Yıldız;08.08.25;23.08.25;Elektrot Rutil 4 mm;;;KG;350,00;0,00;0,00;185,00;64.750,00;09.08.25;350,00;;;11.08.25;350,00;11.08.25;0,00;;;;;;;;;;;;;;;;;;;;;;;;;;;;;;;;;;;;;;;;;;;;;;;;;;;
101;RF100.SOFS-0024;RF100;0024;SARF;Ali Alper Yıldız;11.08.25;26.08.25;Lehim Tabancası;;;ADET;1,00;;;856,00;856,00;;1,00;;;;;;1,00;;;;;;;;;;;;;;;;;;;;;;;;;;;;;;;;;;;;;;;;;;;;;;;;;;;
102;RF100.SOFS-0024;RF100;0024;SARF;Ali Alper Yıldız;11.08.25;26.08.25;Ampermetre;;;ADET;1,00;;;1.391,00;1.391,00;;1,00;;;;;;1,00;;;;;;;;;;;;;;;;;;;;;;;;;;;;;;;;;;;;;;;;;;;;;;;;;;;
103;RF100.SOFS-0024;RF100;0024;SARF;Ali Alper Yıldız;11.08.25;26.08.25;Jel Tükenmez Kalem;;;ADET;15,00;;;76,30;1.144,50;;15,00;;;;;;15,00;;;;;;;;;;;;;;;;;;;;;;;;;;;;;;;;;;;;;;;;;;;;;;;;;;;
104;RF100.SOFS-0024;RF100;0024;SARF;Ali Alper Yıldız;11.08.25;26.08.25;Tükenmez Kalem;;;ADET;50,00;;;11,50;575,00;;50,00;;;;;;50,00;;;;;;;;;;;;;;;;;;;;;;;;;;;;;;;;;;;;;;;;;;;;;;;;;;;
105;RF100.SOFS-0024;RF100;0024;SARF;Ali Alper Yıldız;11.08.25;26.08.25;Büyük Pil;;;ADET;20,00;;;;0,00;;20,00;;;;;;20,00;;;;;;;;;;;;;;;;;;;;;;;;;;;;;;;;;;;;;;;;;;;;;;;;;;;
106;RF100.SOFS-0024;RF100;0024;SARF;Ali Alper Yıldız;11.08.25;26.08.25;Klasör Dosya;;;ADET;30,00;;;249,00;7.470,00;;30,00;;;;;;30,00;;;;;;;;;;;;;;;;;;;;;;;;;;;;;;;;;;;;;;;;;;;;;;;;;;;
107;RF100.SOFS-0024;RF100;0024;SARF;Ali Alper Yıldız;11.08.25;26.08.25;Şeffaf Dosya;;;ADET;3,00;;;235,00;705,00;;3,00;;;;;;3,00;;;;;;;;;;;;;;;;;;;;;;;;;;;;;;;;;;;;;;;;;;;;;;;;;;;
108;RF100.SOFS-0024;RF100;0024;SARF;Ali Alper Yıldız;11.08.25;26.08.25;Elektrot Rutil 4 mm;;;ADET;350,00;;;180,00;63.000,00;;350,00;;;;350,00;22.08.25;0,00;;;;;;;;;;;;;;;;;;;;;;;;;;;;;;;;;;;;;;;;;;;;;;;;;;;
109;RF100.SOFS-0024;RF100;0024;SARF;Ali Alper Yıldız;11.08.25;26.08.25;Elektrot Rutil 3 mm;;;ADET;100,00;;;185,00;18.500,00;;100,00;;;;100,00;22.08.25;0,00;;;;;;;;;;;;;;;;;;;;;;;;;;;;;;;;;;;;;;;;;;;;;;;;;;;
110;RF100.SOFS-0024;RF100;0024;SARF;Ali Alper Yıldız;11.08.25;26.08.25;Sekreterlik;;;ADET;6,00;;;750,00;4.500,00;;6,00;;;;;;6,00;;;;;;;;;;;;;;;;;;;;;;;;;;;;;;;;;;;;;;;;;;;;;;;;;;;
111;RF100.SOFS-0024;RF100;0024;SARF;Ali Alper Yıldız;11.08.25;26.08.25;Beyaz Marker;;;ADET;3,00;;;192,00;576,00;;3,00;;;;;;3,00;;;;;;;;;;;;;;;;;;;;;;;;;;;;;;;;;;;;;;;;;;;;;;;;;;;
112;RF100.SOFS-0024;RF100;0024;SARF;Ali Alper Yıldız;11.08.25;26.08.25;Makas;;;ADET;5,00;;;121,00;605,00;;5,00;;;;;;5,00;;;;;;;;;;;;;;;;;;;;;;;;;;;;;;;;;;;;;;;;;;;;;;;;;;;
113;RF100.SOFS-0024;RF100;0024;SARF;Ali Alper Yıldız;11.08.25;26.08.25;Maket Bıçağı Ucu;;;ADET;2,00;;;69,00;138,00;;2,00;;;;;;2,00;;;;;;;;;;;;;;;;;;;;;;;;;;;;;;;;;;;;;;;;;;;;;;;;;;;
114;RF100.SOFS-0024;RF100;0024;SARF;Ali Alper Yıldız;11.08.25;26.08.25;Teksmarker 5 Renkli;;;ADET;8,00;;;265,00;2.120,00;;8,00;;;;;;8,00;;;;;;;;;;;;;;;;;;;;;;;;;;;;;;;;;;;;;;;;;;;;;;;;;;;
115;RF100.SOFD-0025;RF100;0025;DEMİRBAŞ;Zafer Özeren;15.08.25;30.08.25;Termometre;Sıcaklık ve nem ölçer ''2 in 1'' ;;ADET;2,00;0,00;0,00;600,00;1.200,00;;2,00;;;;;;2,00;;;;;;;;;;;;;;;;;;;;;;;;;;;;;;;;;;;;;;;;;;;;;;;;;;;
116;RF100.SOFS-0026;RF100;0026;SARF;Ali Alper Yıldız;15.08.25;30.08.25;Çay;Greenfield;;ADET;18,00;0,00;0,00;350,00;6.300,00;;18,00;;;;18,00;15.08.25;0,00;;;;;;;;;;;;;;;;;;;;;;;;;;;;;;;;;;;;;;;;;;;;;;;;;;;
117;RF100.SOFS-0026;RF100;0026;SARF;Ali Alper Yıldız;15.08.25;30.08.25;Şeker;;;PAKET;15,00;0,00;0,00;100,00;1.500,00;;15,00;;;;15,00;15.08.25;0,00;;;;;;;;;;;;;;;;;;;;;;;;;;;;;;;;;;;;;;;;;;;;;;;;;;;
118;RF100.SOFS-0026;RF100;0026;SARF;Ali Alper Yıldız;15.08.25;30.08.25;Kahve;Jacobs-Monarch;;ADET;10,00;3,00;3,00;690,00;6.900,00;;10,00;;;;10,00;15.08.25;0,00;;;;;;;;;;;;;;;;;;;;;;;;;;;;;;;;;;;;;;;;;;;;;;;;;;;
119;RF100.SOFS-0026;RF100;0026;SARF;Ali Alper Yıldız;15.08.25;30.08.25;Kare Peçete;;;PAKET;10,00;9,00;9,00;69,00;690,00;;10,00;;;;10,00;15.08.25;0,00;;;;;;;;;;;;;;;;;;;;;;;;;;;;;;;;;;;;;;;;;;;;;;;;;;;
120;RF100.SOFS-0026;RF100;0026;SARF;Ali Alper Yıldız;15.08.25;30.08.25;Tuvalet Kağıdı;;;ADET;40,00;7,00;7,00;169,00;6.760,00;;40,00;;;;;;40,00;;;;;;;;;;;;;;;;;;;;;;;;;;;;;;;;;;;;;;;;;;;;;;;;;;;
121;RF100.SOFS-0026;RF100;0026;SARF;Ali Alper Yıldız;15.08.25;30.08.25;Garson Katlama Peçetesi;;;ADET;10,00;0,00;0,00;120,00;1.200,00;;10,00;;;;10,00;15.08.25;0,00;;;;;;;;;;;;;;;;;;;;;;;;;;;;;;;;;;;;;;;;;;;;;;;;;;;
122;RF100.SOFS-0026;RF100;0026;SARF;Ali Alper Yıldız;15.08.25;30.08.25;Çöp poşeti (küçük 20lt);;;ADET;10,00;5,00;5,00;70,00;700,00;;10,00;;;;10,00;15.08.25;0,00;;;;;;;;;;;;;;;;;;;;;;;;;;;;;;;;;;;;;;;;;;;;;;;;;;;
123;RF100.SOFS-0026;RF100;0026;SARF;Ali Alper Yıldız;15.08.25;30.08.25;Karton Bardak;;;ADET;100,00;0,00;0,00;20,00;2.000,00;;100,00;;;;100,00;15.08.25;0,00;;;;;;;;;;;;;;;;;;;;;;;;;;;;;;;;;;;;;;;;;;;;;;;;;;;
124;RF100.SOFS-0026;RF100;0026;SARF;Ali Alper Yıldız;15.08.25;30.08.25;Pet Bardak;;;ADET;100,00;0,00;0,00;10,00;1.000,00;;100,00;;;;200,00;15.08.25;-100,00;;;;;;;;;;;;;;;;;;;;;;;;;;;;;;;;;;;;;;;;;;;;;;;;;;;
125;RF100.SOFD-0027;RF100;0027;DEMİRBAŞ;Mirza Durdu;16.08.25;31.08.25;Branda;6m*6m;;ADET;6,00;0,00;0,00;18.000,00;108.000,00;;6,00;;;;;;6,00;;;;;;;;;;;;;;;;;;;;;;;;;;;;;;;;;;;;;;;;;;;;;;;;;;;
126;RF100.SOFD-0027;RF100;0027;DEMİRBAŞ;Mirza Durdu;16.08.25;31.08.25;Kaynak çadır karkası;2.5m*2m;;ADET;3,00;0,00;0,00;11.000,00;33.000,00;;3,00;;;;;;3,00;;;;;;;;;;;;;;;;;;;;;;;;;;;;;;;;;;;;;;;;;;;;;;;;;;;
127;RF100.SOFD-0027;RF100;0027;DEMİRBAŞ;Mirza Durdu;16.08.25;31.08.25;Yanmaz çadır;;;ADET;3,00;0,00;0,00;28.000,00;84.000,00;;3,00;;;;;;3,00;;;;;;;;;;;;;;;;;;;;;;;;;;;;;;;;;;;;;;;;;;;;;;;;;;;
128;RF100.SOFD-0027;RF100;0027;DEMİRBAŞ;Ali Alper Yıldız;16.08.25;31.08.25;Kaynak pensesi 400A;;;ADET;3,00;0,00;0,00;1.000,00;4.000,00;;4,00;;;;;;3,00;;;;;;;;;;;;;;;;;;;;;;;;;;;;;;;;;;;;;;;;;;;;;;;;;;;
129;RF100.SOFS-0028;RF100;0028;SARF;Mirza Durdu;16.08.25;31.08.25;Kaynakçı elbisesi;Technoavia;;ADET;4,00;0,00;0,00;10.500,00;42.000,00;;4,00;;;;;;4,00;;;;;;;;;;;;;;;;;;;;;;;;;;;;;;;;;;;;;;;;;;;;;;;;;;;
130;RF100.SOFS-0028;RF100;0028;SARF;Mirza Durdu;16.08.25;31.08.25;Kaynakçı ayakkabısı;Technoavia;;ADET;4,00;0,00;0,00;3.800,00;11.400,00;;3,00;;;;;;4,00;;;;;;;;;;;;;;;;;;;;;;;;;;;;;;;;;;;;;;;;;;;;;;;;;;;
131;RF100.SOFS-0029;RF100;0029;SARF;Ali Alper Yıldız;20.08.25;04.09.25;Metre 5mt;;;ADET;5,00;0,00;0,00;;0,00;20.08.25;5,00;;;;5,00;20.08.25;0,00;;;;;;;;;;;;;;;;;;;;;;;;;;;;;;;;;;;;;;;;;;;;;;;;;;;
132;RF100.SOFS-0029;RF100;0029;SARF;Ali Alper Yıldız;20.08.25;04.09.25;Kılavuz İp 50mt;;;M;50,00;0,00;0,00;;0,00;20.08.25;50,00;;;;50,00;20.08.25;0,00;;;;;;;;;;;;;;;;;;;;;;;;;;;;;;;;;;;;;;;;;;;;;;;;;;;
133;RF100.SOFS-0029;RF100;0029;SARF;Ali Alper Yıldız;20.08.25;04.09.25;Taşlama önlüğü;;;ADET;4,00;0,00;0,00;;0,00;20.08.25;4,00;;;;4,00;20.08.25;0,00;;;;;;;;;;;;;;;;;;;;;;;;;;;;;;;;;;;;;;;;;;;;;;;;;;;
134;RF100.SOFS-0029;RF100;0029;SARF;Ali Alper Yıldız;20.08.25;04.09.25;A3 Kağıt;;;PAKET;1,00;0,00;0,00;;0,00;20.08.25;1,00;;;;1,00;20.08.25;0,00;;;;;;;;;;;;;;;;;;;;;;;;;;;;;;;;;;;;;;;;;;;;;;;;;;;
135;RF100.SOFS-0030;RF100;0030;SARF;Ali Alper Yıldız;21.08.25;05.09.25;Elektrot Rutil 4 mm;;;ADET;350,00;30,00;30,00;;;03.09.25;350,00;;;03.09.25;350,00;03.09.25;0,00;;;;;;;;;;;;;;;;;;;;;;;;;;;;;;;;;;;;;;;;;;;;;;;;;;;
136;RF100.SOFS-0030;RF100;0030;SARF;Ali Alper Yıldız;21.08.25;05.09.25;Elektrot Rutil 3 mm;;;ADET;100,00;5,00;5,00;;0,00;03.09.25;100,00;;;03.09.25;100,00;03.09.25;0,00;;;;;;;;;;;;;;;;;;;;;;;;;;;;;;;;;;;;;;;;;;;;;;;;;;;
137;RF100.SOFS-0030;RF100;0030;SARF;Ali Alper Yıldız;21.08.25;05.09.25;Kaynak İğnesi 2.4;;;ADET;20,00;0,00;0,00;;0,00;25.08.25;10,00;;;25.08.25;10,00;25.08.25;10,00;;;;;;;;;;;;;;;;;;;;;;;;;;;;;;;;;;;;;;;;;;;;;;;;;;;
138;RF100.SOFS-0031;RF100;0031;SARF;Ali Alper Yıldız;04.09.25;19.09.25;Tuvalet Kağıdı;;;ADET;40,00;;;;0,00;04.09.25;40,00;;;04.09.25;40,00;04.09.25;0,00;;;;;;;;;;;;;;;;;;;;;;;;;;;;;;;;;;;;;;;;;;;;;;;;;;;
139;RF100.SOFS-0031;RF100;0031;SARF;Ali Alper Yıldız;04.09.25;19.09.25;Garson Katlama Peçetesi;;;ADET;50,00;;;;0,00;;;;;;;;50,00;;;;;;;;;;;;;;;;;;;;;;;;;;;;;;;;;;;;;;;;;;;;;;;;;;;
140;RF100.SOFS-0031;RF100;0031;SARF;Ali Alper Yıldız;04.09.25;19.09.25;Sapan 10 Ton 10 Metre;;;ADET;1,00;;;;0,00;04.09.25;1,00;;;04.09.25;1,00;04.09.25;0,00;;;;;;;;;;;;;;;;;;;;;;;;;;;;;;;;;;;;;;;;;;;;;;;;;;;
141;RF100.SOFD-0032;RF100;0032;DEMİRBAŞ;Ümit Çelik;01.10.25;16.10.25;Poropan Tüp Arabası;TOR Тележка для пропановых баллонов ПР-1, 1 баллон колеса 250 мм 1012420;https://www.vseinstrumenti.ru/product/telezhka-dlya-propanovyh-ballonov-tor-pr-1-1-ballon-kolesa-250-mm-1012420-1684679/;ADET;3,00;0,00;0,00;6.202,00;18.606,00;06.10.25;3,00;Всеинструменты;Oğuzhan Karslı;14.10.25;3,00;13.10.25;0,00;;;;;;;;;;;;;;;;;;;;;;;;;;;;;;;;;;;;;;;;;;;;;;;;;;;
142;RF100.SOFD-0032;RF100;0032;DEMİRBAŞ;Ümit Çelik;01.10.25;16.10.25;Isıtıcı (5 kW 220V Elektrikli Isıtıcı);Ballu Пушка тепловая BKX-7 НС-1051506;https://www.vseinstrumenti.ru/product/elektricheskaya-teplovaya-pushka-ballu-bkx-7-745328/;ADET;3,00;0,00;0,00;5.766,00;5.766,00;06.10.25;1,00;Всеинструменты;Oğuzhan Karslı;14.10.25;1,00;13.10.25;2,00;;;;;;;;;;;;;;;;;;;;;;;;;;;;;;;;;;;;;;;;;;;;;;;;;;;
143;RF100.SOFD-0032;RF100;0032;DEMİRBAŞ;Ümit Çelik;01.10.25;16.10.25;Pürmüz;ПТК Горелка пропановая ГВ-111-P 00000034316;https://www.vseinstrumenti.ru/product/propanovaya-gorelka-ptk-gv-111-p-00000034316-1562306/;ADET;2,00;0,00;0,00;1.196,00;2.392,00;06.10.25;2,00;Всеинструменты;Oğuzhan Karslı;14.10.25;2,00;13.10.25;0,00;;;;;;;;;;;;;;;;;;;;;;;;;;;;;;;;;;;;;;;;;;;;;;;;;;;
144;RF100.SOFD-0032;RF100;0032;DEMİRBAŞ;Ümit Çelik;01.10.25;16.10.25;Çinko Kaplı Sonsuz Kelepçe;Червячный хомут оцинк Gigant 10-16 мм/9 W1, 25 шт G/1/25;https://www.vseinstrumenti.ru/product/chervyachnyj-homut-gigant-10-16-mm-9-w1-25-sht-g-1-25-2038093/;ADET;1,00;0,00;0,00;296,00;296,00;06.10.25;1,00;Всеинструменты;Oğuzhan Karslı;14.10.25;1,00;13.10.25;0,00;;;;;;;;;;;;;;;;;;;;;;;;;;;;;;;;;;;;;;;;;;;;;;;;;;;
145;RF100.SOFD-0032;RF100;0032;DEMİRBAŞ;Ümit Çelik;01.10.25;16.10.25;Redüktör;Редуктор для газового баллона (пропан) БАМЗ БПО-5-4;https://www.vseinstrumenti.ru/product/reduktor-dlya-gazovogo-ballona-propan-bamz-bpo-5-4-232100/;ADET;2,00;0,00;0,00;1.196,00;10.478,00;06.10.25;2,00;Всеинструменты;Oğuzhan Karslı;14.10.25;2,00;13.10.25;0,00;;;;;;;;;;;;;;;;;;;;;;;;;;;;;;;;;;;;;;;;;;;;;;;;;;;
146;RF100.SOFD-0032;RF100;0032;DEMİRBAŞ;Ümit Çelik;01.10.25;16.10.25;Propan Hortum;Cellfast Шланг для газа пропан-бутан 9,0 x 2,5 мм 25 м 20-040;https://www.vseinstrumenti.ru/product/shlang-25-m-9h2-5-mm-dlya-gaza-propan-butan-cellfast-20-040-985162/;ADET;1,00;0,00;0,00;4.189,00;4.189,00;06.10.25;1,00;Всеинструменты;Oğuzhan Karslı;14.10.25;1,00;13.10.25;0,00;;;;;;;;;;;;;;;;;;;;;;;;;;;;;;;;;;;;;;;;;;;;;;;;;;;
147;RF100.SOFD-0032;RF100;0032;DEMİRBAŞ;Ümit Çelik;01.10.25;16.10.25;Taşlama Makinesi İçin Koruyucu Vida Kapağı;Makita Кожух защитный винтовой для УШМ 125 мм 123099-9;https://www.vseinstrumenti.ru/product/kozhuh-zaschitnyj-vintovoj-dlya-ushm-125-mm-makita-123099-9-8305077/;ADET;2,00;0,00;0,00;500,00;1.000,00;06.10.25;2,00;Всеинструменты;Oğuzhan Karslı;14.10.25;2,00;13.10.25;0,00;;;;;;;;;;;;;;;;;;;;;;;;;;;;;;;;;;;;;;;;;;;;;;;;;;;
148;RF100.SOFD-0032;RF100;0032;DEMİRBAŞ;Ümit Çelik;01.10.25;16.10.25;Teslimat Ücreti;Доставка;-;ADET;1,00;0,00;0,00;685,00;685,00;06.10.25;1,00;Всеинструменты;Oğuzhan Karslı;14.10.25;1,00;13.10.25;0,00;;;;;;;;;;;;;;;;;;;;;;;;;;;;;;;;;;;;;;;;;;;;;;;;;;;
149;RF100.SOFD-0032;RF100;0032;DEMİRBAŞ;Ümit Çelik;01.10.25;16.10.25;Poropan Tüp;Пропан 50 л.;;ADET;5,00;0,00;0,00;1.600,00;8.000,00;06.10.25;5,00;НУРГАЗ;Oğuzhan Karslı;14.10.25;;;5,00;;;;;;;;;;;;;;;;;;;;;;;;;;;;;;;;;;;;;;;;;;;;;;;;;;;
150;RF100.SOFD-0032;RF100;0032;DEMİRBAŞ;Ümit Çelik;01.10.25;16.10.25;Poropan Tüp Depozito;Авансовый залоговый платеж баллона. 50 л.;;ADET;1,00;0,00;0,00;5.500,00;5.500,00;06.10.25;1,00;НУРГАЗ;Oğuzhan Karslı;14.10.25;;;1,00;;;;;;;;;;;;;;;;;;;;;;;;;;;;;;;;;;;;;;;;;;;;;;;;;;;
151;RF100.SOFD-0032;RF100;0032;DEMİRBAŞ;Ümit Çelik;01.10.25;16.10.25;Poropan Tüp Günlük Kiralama;Условия аренды: 50 руб/день.;;ADET;1,00;0,00;0,00;50,00;50,00;06.10.25;1,00;НУРГАЗ;Oğuzhan Karslı;14.10.25;;;1,00;;;;;;;;;;;;;;;;;;;;;;;;;;;;;;;;;;;;;;;;;;;;;;;;;;;
152;RF100.SOFD-0032;RF100;0032;DEMİRBAŞ;Ümit Çelik;01.10.25;16.10.25;Sibur nakliye maliyeti ;Сибур» стоимость доставки 4000 руб. с НДС;;ADET;1,00;0,00;0,00;4.000,00;4.000,00;06.10.25;1,00;НУРГАЗ;Oğuzhan Karslı;14.10.25;;;1,00;;;;;;;;;;;;;;;;;;;;;;;;;;;;;;;;;;;;;;;;;;;;;;;;;;;
153;RF100.SOFD-0033;RF100;0033;DEMİRBAŞ;Eldor Mekhmonov Ahadullo Ugli;06.10.25;21.10.25;Lazer Yazıcı;МФУ лазерное Kyocera ECOSYS M2135dn;;ADET;1,00;0,00;0,00;41.999,00;41.999,00;06.10.25;1,00;DNS;Oğuzhan Karslı;06.10.25;1,00;06.10.25;0,00;;;;;;;;;;;;;;;;;;;;;;;;;;;;;;;;;;;;;;;;;;;;;;;;;;;
154;RF100.SOFS-0034;RF100;0034;SARF;Ali Alper Yıldız;07.10.25;22.10.25;Sıvı Sabun;Крем-мыло жидкое Luscan жемчужное 5л канистра;;ADET;2,00;0,00;0,00;611,61;1.223,21;;2,00;КОМУС;Oğuzhan Karslı;13.10.25;2,00;13.10.25;0,00;;;;;;;;;;;;;;;;;;;;;;;;;;;;;;;;;;;;;;;;;;;;;;;;;;;
155;RF100.SOFS-0034;RF100;0034;SARF;Ali Alper Yıldız;07.10.25;22.10.25;Tuvalet Kağıdı;Бумага туалетная Papia 3-слойная белая (32 рулона в упаковке);;ADET;2,00;0,00;0,00;949,00;949,00;;1,00;КОМУС;Oğuzhan Karslı;13.10.25;2,00;13.10.25;0,00;;;;;;;;;;;;;;;;;;;;;;;;;;;;;;;;;;;;;;;;;;;;;;;;;;;
156;RF100.SOFD-0035;RF100;0035;DEMİRBAŞ;Zafer Özeren;11.10.25;19.10.25;220V Elektrikli Isıtıcı;Напольный конвектор Ресанта ОК-2000;;ADET;1,00;0,00;0,00;3.970,00;3.970,00;11.10.25;1,00;МАСТЕР ООО;Oğuzhan Karslı;11.10.25;1,00;11.10.25;0,00;;;;;;;;;;;;;;;;;;;;;;;;;;;;;;;;;;;;;;;;;;;;;;;;;;;
157;RF100.SOFD-0035;RF100;0035;DEMİRBAŞ;Oğuzhan Karslı;11.10.25;19.10.25;220V Elektrikli Isıtıcı;Напольный конвектор Ресанта ОК-2000;;ADET;1,00;0,00;0,00;3.970,00;3.970,00;11.10.25;1,00;МАСТЕР ООО;Oğuzhan Karslı;11.10.25;1,00;11.10.25;0,00;;;;;;;;;;;;;;;;;;;;;;;;;;;;;;;;;;;;;;;;;;;;;;;;;;;
158;RF100.SOFD-0035;RF100;0035;DEMİRBAŞ;Oğuzhan Karslı;11.10.25;19.10.25;220V Elektrikli Isıtıcı;Напольный конвектор Ресанта ОК-2500;;ADET;1,00;0,00;0,00;4.460,00;4.460,00;11.10.25;1,00;МАСТЕР ООО;Oğuzhan Karslı;11.10.25;1,00;11.10.25;0,00;;;;;;;;;;;;;;;;;;;;;;;;;;;;;;;;;;;;;;;;;;;;;;;;;;;
159;RF100.SOFS-0036;RF100;0036;SARF;Mutlu Doğan;11.10.25;19.10.25;Mavi Baret;;;ADET;10,00;0,00;0,00;450,00;4.500,00;11.10.25;10,00;МАСТЕР ООО;Oğuzhan Karslı;11.10.25;10,00;11.10.25;0,00;;;;;;;;;;;;;;;;;;;;;;;;;;;;;;;;;;;;;;;;;;;;;;;;;;;
160;RF100.SOFD-0037;RF100;0037;DEMİRBAŞ;Oğuzhan Karslı;11.10.25;19.10.25;Manuel Etiket Yazıcısı;Принтер для печати наклеек Puty PT-100E;https://www.vseinstrumenti.ru/product/lenta-vell-vl-fx231ch-s-chipom-12-mm-chernyj-na-belom-dlya-puty-pt-100e-100ech-brother-d200-e110-d600-e300-2700-p700-e550-p900-1350641-8871206/;ADET;1,00;0,00;0,00;6.460,00;6.460,00;11.10.25;1,00;МАСТЕР ООО;Oğuzhan Karslı;14.10.25;1,00;14.10.25;0,00;;;;;;;;;;;;;;;;;;;;;;;;;;;;;;;;;;;;;;;;;;;;;;;;;;;
161;RF100.SOFD-0037;RF100;0037;DEMİRBAŞ;Oğuzhan Karslı;11.10.25;19.10.25;Manuel Etiket Yazıcı Şeriti;Лента Vell VL-FX231CH (с чипом, 12 мм, черный на белом) для Puty PT-100E;https://www.vseinstrumenti.ru/product/printer-dlya-pechati-nakleek-puty-pt-100e-408573-2041040/;ADET;1,00;0,00;0,00;850,00;850,00;11.10.25;1,00;МАСТЕР ООО;Oğuzhan Karslı;14.10.25;1,00;14.10.25;0,00;;;;;;;;;;;;;;;;;;;;;;;;;;;;;;;;;;;;;;;;;;;;;;;;;;;
162;RF100.SOFS-0038;RF100;0038;SARF;Ümit Çelik;12.10.25;20.10.25;5T Bez Sapan;Текстильный петлевой строп Gigant СТП 5Т/5М G05-05;https://www.vseinstrumenti.ru/product/tekstilnyj-petlevoj-strop-gigant-stp-5t-5m-g05-05-3543498/;ADET;5,00;0,00;0,00;2.146,00;10.730,00;;5,00;Всеинструменты;Oğuzhan Karslı;16.10.25;5,00;14.10.25;0,00;;;;;;;;;;;;;;;;;;;;;;;;;;;;;;;;;;;;;;;;;;;;;;;;;;;
163;RF100.SOFS-0038;RF100;0038;SARF;Ali Alper Yıldız;13.10.25;21.10.25;Asma Kilit;Навесной замок БУЛАТ ВС 1-П47-01 ПЛ всепогодный, 5 ключей, d=7,9 мм 15854;https://www.vseinstrumenti.ru/product/navesnoj-zamok-bulat-vs-1-p47-01-pl-vsepogodnyj-5-klyuchej-d-7-9-mm-15854-12216593/;ADET;1,00;0,00;0,00;527,00;527,00;;1,00;Всеинструменты;Oğuzhan Karslı;16.10.25;;;1,00;;;;;;;;;;;;;;;;;;;;;;;;;;;;;;;;;;;;;;;;;;;;;;;;;;;
164;RF100.SOFS-0039;RF100;0039;SARF;Ümit Çelik;13.10.25;21.10.25;Butan Gaz Tüpü ateşlemeli;Горелка с пьезоподжигом TJ74 + газовый баллон TJ220 Turbojet TJ723-B;https://www.vseinstrumenti.ru/product/gorelka-s-pezopodzhigom-tj74-gazovyj-ballon-tj220-turbojet-tj723-b-1799294/;ADET;2,00;0,00;0,00;618,00;1.236,00;14.10.25;2,00;Всеинструменты;Oğuzhan Karslı;14.10.25;2,00;14.10.25;0,00;;;;;;;;;;;;;;;;;;;;;;;;;;;;;;;;;;;;;;;;;;;;;;;;;;;
165;RF100.SOFS-0039;RF100;0039;SARF;Ümit Çelik;13.10.25;21.10.25;Butan Gaz Tüpü Yedek;Газовый баллон Turbojet БУТАН 220 г, цанговый TJ220BC;https://www.vseinstrumenti.ru/product/gazovyj-ballon-turbojet-butan-220-g-tsangovyj-tj220bc-2053411/;ADET;2,00;0,00;0,00;90,00;180,00;14.10.25;2,00;Всеинструменты;Oğuzhan Karslı;14.10.25;2,00;14.10.25;0,00;;;;;;;;;;;;;;;;;;;;;;;;;;;;;;;;;;;;;;;;;;;;;;;;;;;
166;RF100.SOFD-0040;RF100;0040;DEMİRBAŞ;Ümit Çelik;01.10.25;09.10.25;El Arabası;Тачка строительная BRAIT (110л, 220кг) одноколесная ПНЕВМО 4,00-8/16;;ADET;2,00;0,00;0,00;4.680,00;9.360,00;11.10.25;2,00;МАСТЕР ООО;Oğuzhan Karslı;11.10.25;2,00;11.10.25;0,00;;;;;;;;;;;;;;;;;;;;;;;;;;;;;;;;;;;;;;;;;;;;;;;;;;;
167;RF100.SOFD-0040;RF100;0040;DEMİRBAŞ;Ümit Çelik;01.10.25;09.10.25;El Arabası Tekeri;Колесо полиуретановое 3.00-8, длина оси 90мм, подшипник 20мм Сибртех 689765;;ADET;2,00;0,00;0,00;1.560,00;3.120,00;11.10.25;2,00;МАСТЕР ООО;Oğuzhan Karslı;11.10.25;2,00;11.10.25;0,00;;;;;;;;;;;;;;;;;;;;;;;;;;;;;;;;;;;;;;;;;;;;;;;;;;;
168;RF101.SOFD-0041;RF101;0041;DEMİRBAŞ;Ali Alper Yıldız;15.10.25;23.10.25;Demir Kesme Makinesi Bıçak Seti;Комплект ножей для станков резки арматуры 90х90х26 GQ50/GQ60 (Blade);;SET;1,00;0,00;0,00;3.224,30;3.224,30;15.10.25;1,00;ЕМЕ ООО;Oğuzhan Karslı;18.10.25;;;1,00;;;;;;;;;;;;;;;;;;;;;;;;;;;;;;;;;;;;;;;;;;;;;;;;;;;
